State,County,lat,long,ID_loc
illinois,adams,39.978778600000005,-91.2110065,0
illinois,alexander,37.180152899999996,-89.35028340000001,1
illinois,bond,38.8630331,-89.4391416,2
illinois,boone,42.321246,-88.82355109999999,3
illinois,brown,39.9498214,-90.74856559999999,4
illinois,bureau,41.4016294,-89.5341179,5
illinois,calhoun,39.13975070000001,-90.6506113,6
illinois,carroll,42.0647352,-89.9556785,7
illinois,cass,39.9682127,-90.250722,8
illinois,champaign,40.116420500000004,-88.2433829,9
illinois,christian,39.5212598,-89.2829783,10
illinois,clark,39.3260541,-87.78385259999999,11
illinois,clay,38.734069399999996,-88.49106929999999,12
illinois,clinton,38.5896187,-89.420064,13
illinois,coles,39.5266741,-88.21849990000001,14
illinois,cook,41.8197385,-87.756525,15
illinois,crawford,39.013164399999994,-87.7291001,16
illinois,cumberland,39.2744299,-88.2423795,17
illinois,de kalb,0.0,0.0,18
illinois,de witt,40.1734773,-88.9003733,19
illinois,douglas,39.7628415,-88.21705159999999,20
illinois,du page,41.98682120000001,-88.1336506,21
illinois,edgar,39.6714952,-87.73403640000001,22
illinois,edwards,38.410253999999995,-88.0584362,23
illinois,effingham,39.120143299999995,-88.54348,24
illinois,fayette,39.0001282,-89.04302109999999,25
illinois,ford,40.498095500000005,-88.25529870000001,26
illinois,franklin,37.976540899999996,-88.9335327,27
illinois,fulton,40.4714305,-90.1845556,28
illinois,gallatin,37.750950700000004,-88.22645190000001,29
illinois,greene,39.3573664,-90.3898985,30
illinois,grundy,41.274736299999994,-88.41193609999999,31
illinois,hamilton,38.0619569,-88.53011359999999,32
illinois,hancock,40.3941712,-91.14580629999999,33
illinois,hardin,37.5137015,-88.2675733,34
illinois,henderson,40.8156124,-90.9104547,35
illinois,henry,41.3418549,-90.1177442,36
illinois,iroquois,40.7351265,-87.83092090000001,37
illinois,jackson,37.7668943,-89.35638449999999,38
illinois,jasper,39.00824229999999,-88.1552371,39
illinois,jefferson,38.3010487,-88.9344303,40
illinois,jersey,39.084846399999996,-90.3303344,41
illinois,jo daviess,42.3506664,-90.1743742,42
illinois,johnson,37.450181799999996,-88.8844045,43
illinois,kane,41.923434,-88.4248315,44
illinois,kankakee,41.1200325,-87.8611531,45
illinois,kendall,41.5853584,-88.4319488,46
illinois,knox,40.920889,-90.2202325,47
illinois,la salle,41.8906567,-87.632396,48
illinois,lake,42.079167,-87.73652320000001,49
illinois,lawrence,38.71089979999999,-87.7194375,50
illinois,lee,41.74590560000001,-89.2888533,51
illinois,livingston,40.8682487,-88.5631125,52
illinois,logan,40.1075089,-89.37685390000001,53
illinois,macon,39.845520799999996,-88.9602376,54
illinois,macoupin,39.2420653,-89.925212,55
illinois,madison,38.811063,-89.90171120000001,56
illinois,marion,37.7306054,-88.9331256,57
illinois,marshall,41.0324537,-89.29984559999998,58
illinois,mason,40.2302271,-89.8660433,59
illinois,massac,37.217741700000005,-88.7163312,60
illinois,mcdonough,40.4376858,-90.6780272,61
illinois,mchenry,42.3294391,-88.4605713,62
illinois,mclean,40.463178899999996,-88.8196613,63
illinois,menard,40.0166667,-89.78580649999999,64
illinois,mercer,41.2019729,-90.73987170000001,65
illinois,monroe,38.272231299999994,-90.1792484,66
illinois,montgomery,39.2052633,-89.5057126,67
illinois,morgan,39.7062265,-90.190335,68
illinois,moultrie,39.639144200000004,-88.6087498,69
illinois,ogle,42.0397014,-89.31385990000001,70
illinois,peoria,40.6938609,-89.5891008,71
illinois,perry,38.0772859,-89.37604990000001,72
illinois,piatt,39.967290999999996,-88.60723990000001,73
illinois,pike,39.61087070000001,-90.8538306,74
illinois,pope,37.3933531,-88.59044250000001,75
illinois,pulaski,37.2314232,-89.1183427,76
illinois,putnam,41.2025915,-89.26764140000002,77
illinois,randolph,38.0472916,-89.81079620000001,78
illinois,richland,38.706045700000004,-88.09493520000001,79
illinois,rock island,41.5094771,-90.57874770000001,80
illinois,saline,37.750075,-88.53025840000001,81
illinois,sangamon,39.762366799999995,-89.64549050000001,82
illinois,schuyler,40.1370869,-90.5697373,83
illinois,scott,39.6333408,-90.4753685,84
illinois,shelby,39.3665064,-88.78862779999999,85
illinois,st clair,38.4616972,-89.9324347,86
illinois,stark,41.0712135,-89.80668309999999,87
illinois,stephenson,42.3503474,-89.6735637,88
illinois,tazewell,40.5126429,-89.5442084,89
illinois,union,37.461645399999995,-89.2504793,90
illinois,vermilion,40.1749809,-87.73238570000001,91
illinois,wabash,38.4615994,-87.8460903,92
illinois,warren,40.844282799999995,-90.61684079999999,93
illinois,washington,39.76697225,-86.16026715069852,94
illinois,wayne,38.4251958,-88.4197678,95
illinois,white,38.063232899999996,-88.1577725,96
illinois,whiteside,41.76123320000001,-89.92147440000001,97
illinois,will,41.41940579999999,-87.99947540000001,98
illinois,williamson,37.724850200000006,-88.9143385,99
illinois,winnebago,42.3255276,-89.1496574,100
illinois,woodford,40.8145359,-89.2074215,101
indiana,adams,40.7371667,-84.9347295,102
indiana,allen,41.0975573,-85.0562084,103
indiana,bartholomew,39.1914156,-85.82046009999999,104
indiana,benton,40.6034281,-87.32351640000002,105
indiana,blackford,40.4692826,-85.33055290000001,106
indiana,boone,40.0459913,-86.4650842,107
indiana,brown,39.168285499999996,-86.22970040000001,108
indiana,carroll,40.5802239,-86.5693296,109
indiana,cass,40.7808235,-86.3449159,110
indiana,clark,38.4941217,-85.71690809999998,111
indiana,clay,39.3864958,-87.1025862,112
indiana,clinton,40.299276899999995,-86.4692735,113
indiana,crawford,38.304425,-86.444022,114
indiana,daviess,38.6776099,-87.08134840000001,115
indiana,de kalb,0.0,0.0,116
indiana,dearborn,39.1340338,-84.98209969999999,117
indiana,decatur,39.286212799999994,-85.49430579999999,118
indiana,delaware,40.219327500000006,-85.4040612,119
indiana,dubois,38.3644324,-86.8870278,120
indiana,elkhart,41.6819935,-85.9766671,121
indiana,fayette,39.619234999999996,-85.179378,122
indiana,floyd,38.299,-85.8933233593055,123
indiana,fountain,40.125252,-87.2497418,124
indiana,franklin,39.480605600000004,-86.0549863,125
indiana,fulton,41.0421416,-86.2875206,126
indiana,gibson,38.3079744,-87.57759490000001,127
indiana,grant,40.5114735,-85.6540606,128
indiana,greene,39.022710700000005,-86.99584890000001,129
indiana,hamilton,40.0749813,-86.0498885,130
indiana,hancock,39.8127873,-85.7874738,131
indiana,harrison,38.1816187,-86.1066917,132
indiana,hendricks,39.7565309,-86.5173641,133
indiana,henry,39.9297608,-85.4043542,134
indiana,howard,40.4787061,-86.1350343,135
indiana,huntington,40.8008286,-85.50184940000001,136
indiana,jackson,38.9023184,-86.06508559999999,137
indiana,jasper,41.0321808,-87.1066598,138
indiana,jay,40.4370864,-85.0212356,139
indiana,jefferson,38.8166724,-85.4299489,140
indiana,jennings,38.9957749,-85.63592009999999,141
indiana,johnson,39.4891804,-86.1079903,142
indiana,knox,38.687009,-87.3811461,143
indiana,kosciusko,41.235195700000006,-85.85297309999999,144
indiana,la porte,41.61059829999999,-86.72252270000001,145
indiana,lagrange,41.6372578,-85.4216948,146
indiana,lake,41.419382899999995,-87.36922270000001,147
indiana,lawrence,38.8400395,-86.4880717,148
indiana,madison,38.7374222,-85.3829812,149
indiana,marion,40.5583739,-85.6591442,150
indiana,marshall,41.322843,-86.2809625,151
indiana,martin,38.6705579,-86.8022436,152
indiana,miami,40.6144919,-86.10594429999999,153
indiana,monroe,39.129423700000004,-86.5187646,154
indiana,montgomery,40.0361447,-86.9007083,155
indiana,morgan,39.4665575,-86.45567940000001,156
indiana,newton,40.939576,-87.3966953,157
indiana,noble,41.3990708,-85.4193348,158
indiana,ohio,38.948049600000004,-84.9581728,159
indiana,orange,38.5421361,-86.4953216,160
indiana,owen,39.298451799999995,-86.85085620000001,161
indiana,parke,39.7686321,-87.2158436,162
indiana,perry,38.0893386,-86.632911,163
indiana,pike,38.415943299999995,-87.21414399999999,164
indiana,porter,41.445703200000004,-87.07249709999999,165
indiana,posey,38.0145359,-87.8543645,166
indiana,pulaski,41.031393,-86.69906920000001,167
indiana,putnam,39.6666195,-86.8374032,168
indiana,randolph,40.1560108,-85.011566,169
indiana,ripley,39.0846316,-85.26917840000002,170
indiana,rush,39.622035700000005,-85.4731911,171
indiana,scott,38.6727039,-85.7444145,172
indiana,shelby,39.493485,-85.81905959999999,173
indiana,spencer,38.0288806,-86.9976446,174
indiana,st. joseph,41.1052896,-85.1325566,175
indiana,starke,41.2753164,-86.64575649999999,176
indiana,steuben,41.6414101,-85.0023642,177
indiana,sullivan,39.049272200000004,-87.41726440000001,178
indiana,switzerland,38.824925799999995,-85.0373975,179
indiana,tippecanoe,40.391606599999996,-86.8879689,180
indiana,tipton,40.2899154,-86.058442,181
indiana,union,39.6196086,-84.9292376,182
indiana,vanderburgh,38.0461185,-87.58065529999999,183
indiana,vermillion,39.8763626,-87.4635672,184
indiana,vigo,39.4174652,-87.39742690000001,185
indiana,wabash,40.8065352,-85.7833563,186
indiana,warren,40.3424546,-87.3564255,187
indiana,warrick,38.0906065,-87.27589329999999,188
indiana,washington,38.6592152,-87.172789,189
indiana,wayne,39.8638778,-85.01985859999999,190
indiana,wells,40.7013353,-85.21161020000001,191
indiana,white,40.7422434,-86.8713913,192
indiana,whitley,41.1238216,-85.5035187,193
iowa,adair,41.3127814,-94.49533029999999,194
iowa,adams,41.0161621,-94.68501859999999,195
iowa,allamakee,43.296173100000004,-91.3961856,196
iowa,appanoose,40.7455904,-92.8649061,197
iowa,audubon,41.670204999999996,-94.91065259999999,198
iowa,benton,42.0599693,-92.0776319,199
iowa,black hawk,42.4607526,-92.3030235,200
iowa,boone,42.017179799999994,-93.9254114,201
iowa,bremer,42.7669649,-92.30998559999999,202
iowa,buchanan,42.4634928,-91.8449198,203
iowa,buena vista,42.7445814,-95.1127525,204
iowa,butler,42.733651200000004,-92.78194930000001,205
iowa,calhoun,42.3808184,-94.6332459,206
iowa,carroll,42.019362799999996,-94.86033499999999,207
iowa,cass,41.3122834,-94.9215151,208
iowa,cedar,41.760860799999996,-91.1263198,209
iowa,cerro gordo,43.0742443,-93.2548746,210
iowa,cherokee,42.7247968,-95.62498029999999,211
iowa,chickasaw,43.059940000000005,-92.31667900000001,212
iowa,clarke,41.0152092,-93.78429759999999,213
iowa,clay,43.080937299999995,-95.1407762,214
iowa,clayton,42.8547706,-91.3667151,215
iowa,clinton,41.8444735,-90.1887379,216
iowa,crawford,42.020579,-95.38118840000001,217
iowa,dallas,41.6744179,-94.0394437,218
iowa,davis,40.7474784,-92.3965311,219
iowa,decatur,40.741823100000005,-93.7994193,220
iowa,delaware,42.4663805,-91.3621282,221
iowa,des moines,41.5910641,-93.60371490000001,222
iowa,dickinson,43.375301799999995,-95.16542790000001,223
iowa,dubuque,42.5006217,-90.66479670000001,224
iowa,emmet,43.3707528,-94.6749933,225
iowa,fayette,42.8420766,-91.85026500000001,226
iowa,floyd,43.058789399999995,-92.78305390000001,227
iowa,franklin,42.7285907,-93.2513168,228
iowa,fremont,40.7345943,-95.5924782,229
iowa,greene,42.0182893,-94.40058640000001,230
iowa,grundy,42.4132701,-92.7808666,231
iowa,guthrie,41.672197600000004,-94.4985983,232
iowa,hamilton,42.382945,-93.7083849,233
iowa,hancock,43.08477020000001,-93.7363674,234
iowa,hardin,42.3840463,-93.22939179999999,235
iowa,harrison,41.665915500000004,-95.7976315,236
iowa,henry,40.977830100000006,-91.5511282,237
iowa,howard,43.3353641,-92.3230007,238
iowa,humboldt,42.7756032,-94.19561329999999,239
iowa,ida,42.378837100000005,-95.4949407,240
iowa,iowa,41.683983000000005,-92.06122679999999,241
iowa,jackson,42.1420382,-90.5480067,242
iowa,jasper,41.679130799999996,-93.0647786,243
iowa,jefferson,41.0131342,-91.9718642,244
iowa,johnson,41.825492,-91.833336,245
iowa,jones,42.108196899999996,-91.1427196,246
iowa,keokuk,41.510019,-92.20089200000001,247
iowa,kossuth,43.1825351,-94.209098,248
iowa,lee,40.6524894,-91.507313,249
iowa,linn,42.0631825,-91.6037932,250
iowa,louisa,41.206668,-91.26839759999999,251
iowa,lucas,41.0147422,-93.3427643,252
iowa,lyon,43.3747071,-96.2081917,253
iowa,madison,41.313340600000004,-94.0167968,254
iowa,mahaska,41.314939,-92.6489935,255
iowa,marion,42.0341658,-91.59767729999999,256
iowa,marshall,42.0378125,-92.9915704,257
iowa,mills,41.0171392,-95.60874770000001,258
iowa,mitchell,43.342033,-92.7840209,259
iowa,monona,42.0218737,-95.9356631,260
iowa,monroe,41.0142519,-92.87925440000001,261
iowa,montgomery,41.0166807,-95.1753285,262
iowa,muscatine,41.424473,-91.0432051,263
iowa,o brien,0.0,0.0,264
iowa,osceola,43.36846129999999,-95.6299944,265
iowa,page,40.736337,-95.1602396,266
iowa,palo alto,43.076282899999995,-94.6625047,267
iowa,plymouth,42.7369124,-96.2213607,268
iowa,pocahontas,42.726268100000006,-94.64773829999999,269
iowa,polk,41.676580799999996,-93.5921448,270
iowa,pottawattamie,41.3115686,-95.53312690000001,271
iowa,poweshiek,41.681651200000005,-92.5435034,272
iowa,ringgold,40.7399875,-94.2547473,273
iowa,sac,42.379785399999996,-95.0825306,274
iowa,scott,41.6251843,-90.61642009999998,275
iowa,shelby,41.668243,-95.31636230000001,276
iowa,sioux,43.057407899999994,-96.1602368,277
iowa,story,42.0161612,-93.489194,278
iowa,tama,42.056810799999994,-92.5433918,279
iowa,taylor,38.208544,-85.7732746,280
iowa,union,41.015699,-94.24726940000001,281
iowa,van buren,40.749202000000004,-91.9689529,282
iowa,wapello,41.0137597,-92.4140217,283
iowa,warren,41.3138645,-93.5685324,284
iowa,washington,41.316008200000006,-91.7340327,285
iowa,wayne,40.743661200000005,-93.343458,286
iowa,webster,42.43260720000001,-94.18431600000001,287
iowa,winnebago,43.374787899999994,-93.7316088,288
iowa,winneshiek,43.2677179,-91.8563139,289
iowa,woodbury,42.3775361,-96.06071870000001,290
iowa,worth,43.369676399999996,-93.2658698,291
iowa,wright,42.7404452,-93.7325849,292
kansas,allen,37.888216799999995,-95.3170208,293
kansas,anderson,38.198077000000005,-95.30674609999998,294
kansas,atchison,39.545815999999995,-95.3326052,295
kansas,barber,37.2113342,-98.70332629999999,296
kansas,barton,38.4683432,-98.776234,297
kansas,bourbon,37.8485797,-94.8679591,298
kansas,brown,39.824222999999996,-95.58199520000001,299
kansas,butler,37.77924,-96.8456342,300
kansas,chase,38.2928083,-96.61529159999999,301
kansas,chautauqua,37.146335,-96.26569659999998,302
kansas,cherokee,37.1718068,-94.84820690000001,303
kansas,cheyenne,39.7955799,-101.75754909999999,304
kansas,clark,37.2045719,-99.8133765,305
kansas,clay,39.3615169,-97.1718432,306
kansas,cloud,39.4850226,-97.6705137,307
kansas,coffey,38.235413,-95.7498925,308
kansas,comanche,37.19609439999999,-99.29583829999999,309
kansas,cowley,37.241315500000006,-96.8675685,310
kansas,crawford,37.503889,-94.86524659999999,311
kansas,decatur,39.7940527,-100.472769,312
kansas,dickinson,38.8790615,-97.1893341,313
kansas,doniphan,39.7831556,-95.1776492,314
kansas,douglas,38.883839200000004,-95.2874559,315
kansas,edwards,37.868474299999995,-99.3245584,316
kansas,elk,37.4619149,-96.25284509999999,317
kansas,ellis,38.9206744,-99.32670859999999,318
kansas,ellsworth,38.6942009,-98.2149289,319
kansas,finney,38.0452481,-100.8199963,320
kansas,ford,37.7072469,-99.8943146,321
kansas,franklin,38.5720008,-95.3184483,322
kansas,geary,38.9885445,-96.7619968,323
kansas,gove,38.9030073,-100.5073968,324
kansas,graham,39.34062,-99.8980624,325
kansas,grant,37.553026,-101.3067042,326
kansas,gray,37.7221896,-100.4373907,327
kansas,greeley,38.457035499999996,-101.8185007,328
kansas,greenwood,37.8709542,-96.2471338,329
kansas,hamilton,38.0058948,-101.8141159,330
kansas,harper,37.192206799999994,-98.0835849,331
kansas,harvey,38.0352315,-97.4486267,332
kansas,haskell,37.5611249,-100.8840421,333
kansas,hodgeman,38.0875979,-99.900952,334
kansas,jackson,39.403091700000004,-95.8159647,335
kansas,jefferson,39.240589299999996,-95.391413,336
kansas,jewell,39.795263,-98.2255146,337
kansas,johnson,38.883793299999994,-94.8389141,338
kansas,kearny,37.9960049,-101.35233559999999,339
kansas,kingman,37.5420937,-98.12217199999999,340
kansas,kiowa,37.5529578,-99.29655600000001,341
kansas,labette,37.1899712,-95.3103729,342
kansas,lane,38.46516629999999,-100.4776682,343
kansas,leavenworth,39.311325700000005,-94.922759,344
kansas,lincoln,39.0343606,-98.21555040000001,345
kansas,linn,38.196592700000004,-94.8578272,346
kansas,logan,38.9058216,-101.15523809999999,347
kansas,lyon,38.4573987,-96.1683124,348
kansas,marion,38.3734544,-97.1305937,349
kansas,marshall,39.7865054,-96.52556609999999,350
kansas,mcpherson,38.3659015,-97.65751709999999,351
kansas,meade,37.20911160000001,-100.396302,352
kansas,miami,38.562051399999994,-94.8557402,353
kansas,mitchell,39.3863019,-98.21126290000001,354
kansas,montgomery,37.198394799999996,-95.76283409999999,355
kansas,morris,38.6908906,-96.6707526,356
kansas,morton,37.1960735,-101.8099541,357
kansas,nemaha,39.7880532,-96.0157844,358
kansas,neosho,37.556634499999994,-95.33166,359
kansas,ness,38.4713429,-99.9586896,360
kansas,norton,39.794470200000006,-99.9100033,361
kansas,osage,38.6736049,-95.7367738,362
kansas,osborne,39.335155799999995,-98.79335090000001,363
kansas,ottawa,39.1273653,-97.6568094,364
kansas,pawnee,38.1858758,-99.240825,365
kansas,phillips,39.796154200000004,-99.346586,366
kansas,pottawatomie,39.3928203,-96.34142790000001,367
kansas,pratt,37.6280602,-98.7485305,368
kansas,rawlins,39.7904797,-101.09947220000001,369
kansas,reno,37.930344,-98.1055753,370
kansas,republic,39.8266503,-97.65808340000001,371
kansas,rice,38.3266261,-98.2007179,372
kansas,riley,39.3026347,-96.7709339,373
kansas,rooks,39.3494127,-99.3216587,374
kansas,rush,38.504775200000005,-99.309214,375
kansas,russell,38.897050799999995,-98.79804329999999,376
kansas,saline,38.77044620000001,-97.6669832,377
kansas,scott,38.4584915,-100.9336244,378
kansas,sedgwick,37.6448148,-97.46413879999999,379
kansas,seward,37.1850331,-100.8928434,380
kansas,shawnee,39.041671799999996,-94.72023759999999,381
kansas,sheridan,39.3530598,-100.4576457,382
kansas,sherman,39.34121270000001,-101.7492408,383
kansas,smith,39.796749,-98.79353929999999,384
kansas,stafford,38.0350094,-98.718816,385
kansas,stanton,37.569107200000005,-101.7935648,386
kansas,stevens,37.1929045,-101.31193540000001,387
kansas,sumner,37.2435967,-97.4792142,388
kansas,thomas,39.3529613,-101.08102290000001,389
kansas,trego,38.9289979,-99.91305720000001,390
kansas,wabaunsee,38.9468399,-96.19912409999999,391
kansas,wallace,38.9073846,-101.7565099,392
kansas,washington,39.788747799999996,-97.0917391,393
kansas,wichita,37.6922361,-97.3375448,394
kansas,wilson,37.5692118,-95.74526390000001,395
kansas,woodson,37.8811369,-95.7517113,396
kansas,wyandotte,39.1090458,-94.767624,397
kentucky,adair,37.095455799999996,-85.289922,398
kentucky,allen,36.7528961,-86.1924103,399
kentucky,anderson,38.0096811,-84.9880147,400
kentucky,ballard,37.023152100000004,-88.9888619,401
kentucky,barren,36.958464899999996,-85.92581700000001,402
kentucky,bath,38.124524799999996,-83.7249243,403
kentucky,bell,36.7370344,-83.6491695,404
kentucky,boone,38.9589235,-84.71601209999999,405
kentucky,bourbon,38.194486700000006,-84.2046611,406
kentucky,boyd,38.3608934,-82.6945926,407
kentucky,boyle,37.6240938,-84.8540572,408
kentucky,bracken,38.686946,-84.07514609999998,409
kentucky,breathitt,37.5248869,-83.2943551,410
kentucky,breckinridge,37.74063889999999,-86.4109353,411
kentucky,bullitt,37.9749498,-85.6742394,412
kentucky,butler,37.240158,-86.67392099999999,413
kentucky,caldwell,37.116966600000005,-87.83912109999999,414
kentucky,calloway,36.6257937,-88.27107600000001,415
kentucky,campbell,38.9339799,-84.37152859999999,416
kentucky,carlisle,36.8432751,-88.96368170000001,417
kentucky,carroll,38.65718,-85.1000246,418
kentucky,carter,38.319917100000005,-83.00390340000001,419
kentucky,casey,37.2911032,-84.91462940000001,420
kentucky,christian,36.877866499999996,-87.50145450000001,421
kentucky,clark,37.9713791,-84.15501450000001,422
kentucky,clay,37.1540436,-83.72314399999999,423
kentucky,clinton,36.7190018,-85.1426047,424
kentucky,crittenden,37.3600974,-88.08851059999999,425
kentucky,cumberland,36.7934611,-85.3795095,426
kentucky,daviess,37.6877924,-87.08183570000001,427
kentucky,edmonson,37.199918100000005,-86.2206738,428
kentucky,elliott,38.1178636,-83.0656398,429
kentucky,estill,37.6896864,-83.94072790000001,430
kentucky,fayette,38.028064799999996,-84.47224440000001,431
kentucky,fleming,38.366388799999996,-83.6790737,432
kentucky,floyd,37.547345899999996,-82.76456209999999,433
kentucky,franklin,38.25204229999999,-84.8633812,434
kentucky,fulton,36.55770820000001,-89.102082,435
kentucky,gallatin,38.7531444,-84.8435828,436
kentucky,garrard,37.6360342,-84.5408428,437
kentucky,grant,38.6472221,-84.6162564,438
kentucky,graves,36.7244966,-88.6569094,439
kentucky,grayson,37.453743700000004,-86.3389464,440
kentucky,green,37.2433976,-85.53463020000001,441
kentucky,greenup,38.5108112,-82.9180186,442
kentucky,hancock,37.8189002,-86.75322609999999,443
kentucky,hardin,37.6645815,-85.9634901,444
kentucky,harlan,36.8411336,-83.22678,445
kentucky,harrison,38.4355948,-84.3216412,446
kentucky,hart,37.2921203,-85.8845579,447
kentucky,henderson,37.836751299999996,-87.59076309999999,448
kentucky,henry,38.447983,-85.1191168,449
kentucky,hickman,36.6903525,-88.9587214,450
kentucky,hopkins,37.300681700000005,-87.5612458,451
kentucky,jackson,37.4200233,-83.9913882,452
kentucky,jefferson,38.1787175,-85.664528,453
kentucky,jessamine,37.865286600000005,-84.576902,454
kentucky,johnson,37.8397984,-82.8159642,455
kentucky,kenton,38.9252546,-84.5331967,456
kentucky,knott,37.3521946,-82.9314574,457
kentucky,knox,36.8934427,-83.8545725,458
kentucky,larue,37.5257936,-85.7027413,459
kentucky,laurel,37.1000973,-84.11482729999999,460
kentucky,lawrence,38.060180700000004,-82.7316588,461
kentucky,lee,37.6001442,-83.70730429999999,462
kentucky,leslie,37.082981,-83.3750732,463
kentucky,letcher,37.1208843,-82.8451698,464
kentucky,lewis,38.5192128,-83.3400338,465
kentucky,lincoln,37.4657952,-84.65736770000001,466
kentucky,livingston,37.189862700000006,-88.33438249999999,467
kentucky,logan,36.823707,-86.88336070000001,468
kentucky,lyon,36.9981232,-88.0658149,469
kentucky,madison,37.7298081,-84.2974735,470
kentucky,magoffin,37.685987299999994,-83.03904399999999,471
kentucky,marion,37.541374700000006,-85.2650391,472
kentucky,marshall,36.8624306,-88.3264641,473
kentucky,martin,37.802224200000005,-82.5077178,474
kentucky,mason,38.5755445,-83.8118236,475
kentucky,mccracken,37.033583899999996,-88.71072009999999,476
kentucky,mccreary,36.735774,-84.4960095,477
kentucky,mclean,37.521627200000005,-87.2594272,478
kentucky,meade,37.93133710000001,-86.1902231,479
kentucky,menifee,37.935760200000004,-83.6014187,480
kentucky,mercer,37.8087581,-84.87608359999999,481
kentucky,metcalfe,36.97670170000001,-85.62544840000001,482
kentucky,monroe,36.699465000000004,-85.7284653,483
kentucky,montgomery,38.0372304,-83.9152368,484
kentucky,morgan,37.919875899999994,-83.2097119,485
kentucky,muhlenberg,37.1984359,-87.1417319,486
kentucky,nelson,37.8078463,-85.4741595,487
kentucky,nicholas,38.3287954,-84.01535809999999,488
kentucky,ohio,37.475769799999995,-86.85606390000001,489
kentucky,oldham,38.497563899999996,-85.4210695,490
kentucky,owen,38.5303187,-84.819254,491
kentucky,owsley,37.4082295,-83.68199399999999,492
kentucky,pendleton,38.691460600000006,-84.3689142,493
kentucky,perry,37.220360799999995,-83.1640699,494
kentucky,pike,37.451243100000006,-82.38557220000001,495
kentucky,powell,37.8192526,-83.8239902,496
kentucky,pulaski,37.112478100000004,-84.59389300000001,497
kentucky,robertson,38.513372,-84.0465647,498
kentucky,rockcastle,37.3885959,-84.3254309,499
kentucky,rowan,38.1822638,-83.4039128,500
kentucky,russell,38.517302799999996,-82.6976631,501
kentucky,scott,38.2776401,-84.5816131,502
kentucky,shelby,38.2215625,-85.2111267,503
kentucky,simpson,36.73518,-86.57801020000001,504
kentucky,spencer,38.0237475,-85.32038990000001,505
kentucky,taylor,37.3396409,-85.30966070000001,506
kentucky,todd,36.809847399999995,-87.1728185,507
kentucky,trigg,36.7949221,-87.8782433,508
kentucky,trimble,38.59842020000001,-85.3221506,509
kentucky,union,37.637246999999995,-87.95803599999999,510
kentucky,warren,36.9812407,-86.42335329999999,511
kentucky,washington,37.7310874,-85.17504749999999,512
kentucky,wayne,36.782210600000006,-84.8250848,513
kentucky,webster,37.5139929,-87.6650997,514
kentucky,whitley,36.73243239999999,-84.1512134,515
kentucky,wolfe,37.74305089999999,-83.48685909999999,516
kentucky,woodford,38.0686424,-84.7404532,517
michigan,alcona,44.676598600000005,-83.5908023,518
michigan,alger,46.4047895,-86.52809930000001,519
michigan,allegan,42.586720299999996,-85.8861492,520
michigan,alpena,45.0616794,-83.43275279999999,521
michigan,antrim,44.9947369,-85.1133189,522
michigan,arenac,44.0608193,-83.87186940000001,523
michigan,baraga,46.6354348,-88.3876368,524
michigan,barry,42.5910739,-85.3242417,525
michigan,bay,43.695756700000004,-83.9402747,526
michigan,benzie,44.6408868,-85.9928452,527
michigan,berrien,41.9838614,-86.39857140000001,528
michigan,branch,41.916753,-85.0649374,529
michigan,calhoun,42.2461339,-85.0229223,530
michigan,cass,41.9090169,-85.9970051,531
michigan,charlevoix,45.202075,-84.9676387,532
michigan,cheboygan,45.441748100000005,-84.4768486,533
michigan,chippewa,46.3111149,-84.6428564,534
michigan,clare,43.96886729999999,-84.8505091,535
michigan,clinton,42.943523799999994,-84.6125345,536
michigan,crawford,44.6769346,-84.6237147,537
michigan,delta,46.0236602,-86.89502519999999,538
michigan,dickinson,45.9874631,-87.88649050000001,539
michigan,eaton,42.593596399999996,-84.8443666,540
michigan,emmet,45.506404100000005,-84.8567966,541
michigan,genesee,43.0220032,-83.72743050000001,542
michigan,gladwin,43.9747774,-84.3873235,543
michigan,gogebic,46.403433,-89.66267909999999,544
michigan,grand traverse,44.6409162,-85.5801336,545
michigan,gratiot,43.290311700000004,-84.6098023,546
michigan,hillsdale,41.8779105,-84.59843959999999,547
michigan,houghton,46.8591287,-88.7774734,548
michigan,huron,43.8385749,-83.0221987,549
michigan,ingham,42.5860505,-84.38008409999999,550
michigan,ionia,42.94696879999999,-85.0713945,551
michigan,iosco,44.3501989,-83.65821679999999,552
michigan,iron,46.2178577,-88.54632409999999,553
michigan,isabella,43.6306545,-84.8468516,554
michigan,jackson,42.246503600000004,-84.4016963,555
michigan,kalamazoo,42.291707,-85.5872286,556
michigan,kalkaska,44.678051200000006,-85.1002509,557
michigan,kent,43.002401299999995,-85.5502718,558
michigan,keweenaw,47.387605799999996,-88.0742387,559
michigan,lake,43.85544805,-87.0819754408259,560
michigan,lapeer,43.0904764,-83.23337049999999,561
michigan,leelanau,44.8878795,-85.81199190000001,562
michigan,lenawee,41.873525799999996,-84.0624323,563
michigan,livingston,42.592456299999995,-83.9147925,564
michigan,luce,46.482414399999996,-85.5556156,565
michigan,mackinac,46.085237,-85.0336698,566
michigan,macomb,42.6741189,-82.902901,567
michigan,manistee,44.3308044,-86.02620429999999,568
michigan,marquette,46.5434914,-87.396433,569
michigan,mason,43.9778831,-86.246291,570
michigan,mecosta,43.637550299999994,-85.3168199,571
michigan,menominee,45.578574100000004,-87.562159,572
michigan,midland,43.6155825,-84.24721170000001,573
michigan,missaukee,44.295439,-85.096036377871,574
michigan,monroe,41.914503700000004,-83.3968252,575
michigan,montcalm,43.30554179999999,-85.11219799999999,576
michigan,montmorency,45.0192008,-84.1322903,577
michigan,muskegon,43.234181299999996,-86.2483921,578
michigan,newaygo,43.5121225,-85.79449759999999,579
michigan,oakland,42.6618842,-83.3804439,580
michigan,oceana,43.6200297,-86.277073,581
michigan,ogemaw,44.3364914,-84.12554899999999,582
michigan,ontonagon,46.6471877,-89.3293792,583
michigan,osceola,43.9654579,-85.3310847,584
michigan,oscoda,44.6789109,-84.1467693,585
michigan,otsego,45.024412299999995,-84.61367879999999,586
michigan,ottawa,41.7672695,-83.5213235,587
michigan,presque isle,45.337525799999995,-83.9567881,588
michigan,roscommon,44.3326932,-84.61651640000001,589
michigan,saginaw,43.420038700000006,-83.9490365,590
michigan,sanilac,43.415068700000006,-82.8234745,591
michigan,schoolcraft,46.1902943,-86.18338409999998,592
michigan,shiawassee,42.942948799999996,-84.1458259,593
michigan,st clair,42.9426715,-82.6283554,594
michigan,st joseph,41.9031963,-85.53567259999998,595
michigan,tuscola,43.4776781,-83.3951071,596
michigan,van buren,42.2710763,-86.013973,597
michigan,washtenaw,42.2582044,-83.8440853,598
michigan,wayne,42.281965500000005,-83.3839595,599
michigan,wexford,44.3353211,-85.5741088,600
minnesota,aitkin,46.571482200000005,-93.3847595,601
minnesota,anoka,45.2710195,-93.2827625,602
minnesota,becker,46.929823600000006,-95.6761851,603
minnesota,beltrami,47.9978537,-94.8799011,604
minnesota,benton,45.716212899999995,-94.0481042,605
minnesota,big stone,45.385265999999994,-96.35573640000001,606
minnesota,blue earth,44.0109722,-94.05606429999999,607
minnesota,brown,44.2350232,-94.69550509999999,608
minnesota,carlton,46.5799933,-92.7206334,609
minnesota,carver,44.807118,-93.7871792,610
minnesota,cass,47.023411700000004,-94.34546040000001,611
minnesota,chippewa,45.027661,-95.53149140000001,612
minnesota,chisago,45.4758877,-92.88494109999999,613
minnesota,clay,46.8994904,-96.5088202,614
minnesota,clearwater,47.5643825,-95.37478440000001,615
minnesota,cook,47.9149076,-90.47301,616
minnesota,cottonwood,44.019068,-95.1658845,617
minnesota,crow wing,46.4665237,-94.10170440000002,618
minnesota,dakota,44.666655,-93.044911,619
minnesota,dodge,44.0175404,-92.8678406,620
minnesota,douglas,45.934047899999996,-95.4627651,621
minnesota,faribault,44.294963700000004,-93.268827,622
minnesota,fillmore,43.6466588,-92.06363590000001,623
minnesota,freeborn,43.6763617,-93.3501681,624
minnesota,goodhue,44.396972999999996,-92.7175627,625
minnesota,grant,45.9358795,-96.0272071,626
minnesota,hennepin,45.0257232,-93.4865052,627
minnesota,houston,43.6624222,-91.46856170000001,628
minnesota,hubbard,47.1138266,-94.9427679,629
minnesota,isanti,45.5355919,-93.28686929999999,630
minnesota,itasca,47.496834299999996,-93.62256629999999,631
minnesota,jackson,43.670010999999995,-95.1500626,632
minnesota,kanabec,45.8979481,-93.2901944,633
minnesota,kandiyohi,45.142373,-95.00258459999999,634
minnesota,kittson,48.7709208,-96.80741409999999,635
minnesota,koochiching,48.221596000000005,-93.76842509999999,636
minnesota,lac qui parle,44.986426,-96.2024907,637
minnesota,lake of the woods,48.7032282,-94.84800909999998,638
minnesota,lake,47.6348022,-91.4394994,639
minnesota,le sueur,44.3771652,-93.711443,640
minnesota,lincoln,44.4020631,-96.2627763,641
minnesota,lyon,44.388073299999995,-95.8287296,642
minnesota,mahnomen,47.3313602,-95.81429109999999,643
minnesota,marshall,44.446929,-95.788351,644
minnesota,martin,43.65643370000001,-94.5498419,645
minnesota,mcleod,44.8169135,-94.2495251,646
minnesota,meeker,45.118364299999996,-94.5175345,647
minnesota,mille lacs,45.9311972,-93.64035600000001,648
minnesota,morrison,45.99268370000001,-94.2554658,649
minnesota,mower,43.6832277,-92.753704,650
minnesota,murray,44.017855,-95.76152049999999,651
minnesota,nicollet,44.3380412,-94.23621690000002,652
minnesota,nobles,43.66342120000001,-95.75276720000001,653
minnesota,norman,47.3194344,-96.46257790000001,654
minnesota,olmsted,43.999812,-92.3765614,655
minnesota,otter tail,46.4184196,-95.713142,656
minnesota,pennington,48.051333500000005,-96.08292709999999,657
minnesota,pine,46.0820957,-92.75421259999999,658
minnesota,pipestone,44.02700120000001,-96.2566582,659
minnesota,polk,47.6554613,-96.4193484,660
minnesota,pope,45.5850258,-95.44694709999999,661
minnesota,ramsey,45.01657279999999,-93.09495009999999,662
minnesota,red lake,47.8605178,-96.0988343,663
minnesota,redwood,44.3788613,-95.25323730000001,664
minnesota,renville,44.7242874,-94.9084771,665
minnesota,rice,44.341337599999996,-93.2865484,666
minnesota,rock,43.673363200000004,-96.2574328,667
minnesota,roseau,48.7710371,-95.7697882,668
minnesota,scott,44.6506998,-93.5025726,669
minnesota,sherburne,45.4427088,-93.7459202,670
minnesota,sibley,44.560352200000004,-94.2085682,671
minnesota,st. louis,47.6201005,-92.4363343,672
minnesota,stearns,45.535326,-94.6139422,673
minnesota,steele,44.0137336,-93.2203671,674
minnesota,stevens,45.5837016,-95.9946194,675
minnesota,swift,45.2797223,-95.68986540000002,676
minnesota,todd,46.058842799999994,-94.887283,677
minnesota,traverse,45.7836323,-96.4215265,678
minnesota,wabasha,44.276759600000005,-92.20181640000001,679
minnesota,wadena,46.5850936,-94.9606684,680
minnesota,waseca,44.0172242,-93.5885717,681
minnesota,washington,45.007859100000005,-92.8743564,682
minnesota,watonwan,43.9736055,-94.6370354,683
minnesota,wilkin,46.3258354,-96.4586194,684
minnesota,winona,44.0500054,-91.6392294,685
minnesota,wright,45.1489061,-93.9639196,686
minnesota,yellow medicine,44.7198536,-95.8533555,687
missouri,adair,40.1769782,-92.6161167,688
missouri,andrew,39.984550799999994,-94.80902579999999,689
missouri,atchison,40.4144817,-95.43593919999999,690
missouri,audrain,39.2226625,-91.8467268,691
missouri,barry,36.7033624,-93.82296690000001,692
missouri,barton,37.5040024,-94.3620755,693
missouri,bates,38.2612027,-94.3503613,694
missouri,benton,38.2930723,-93.3036786,695
missouri,bollinger,37.3310468,-90.0296175,696
missouri,boone,39.015392600000006,-92.3307534,697
missouri,buchanan,39.6733203,-94.79482900000001,698
missouri,butler,36.7151346,-90.4146358,699
missouri,caldwell,39.6558966,-93.9997281,700
missouri,callaway,38.849126500000004,-91.92576070000001,701
missouri,camden,38.0323133,-92.76383270000001,702
missouri,cape girardeau,37.3058839,-89.51814759999999,703
missouri,carroll,39.441912,-93.516971,704
missouri,carter,36.9303011,-90.95989329999999,705
missouri,cass,38.658542700000005,-94.37215390000001,706
missouri,cedar,37.7084225,-93.861222,707
missouri,chariton,39.5372927,-92.9524728,708
missouri,christian,36.958608700000006,-93.1692896,709
missouri,clark,40.3962004,-91.73621949999999,710
missouri,clay,39.3187409,-94.4046405,711
missouri,clinton,39.597598600000005,-94.4184896,712
missouri,cole,38.5189519,-92.2956433,713
missouri,cooper,38.8452595,-92.8249579,714
missouri,crawford,37.9920098,-91.31564449999999,715
missouri,dade,37.432303600000004,-93.8406302,716
missouri,dallas,37.68327120000001,-93.02193759999999,717
missouri,daviess,39.9587505,-93.99626620000001,718
missouri,de kalb,39.586939799999996,-94.9252426,719
missouri,dent,37.6211924,-91.5167381,720
missouri,douglas,36.9433177,-92.5246813,721
missouri,dunklin,36.2156534,-90.0591292,722
missouri,franklin,38.402109499999995,-91.0841241,723
missouri,gasconade,38.4575789,-91.51774990000001,724
missouri,gentry,40.2044898,-94.4159527,725
missouri,greene,37.2671929,-93.34654859999999,726
missouri,grundy,40.1075648,-93.5737817,727
missouri,harrison,40.337171999999995,-93.98451990000001,728
missouri,henry,38.3791027,-93.80665649999999,729
missouri,hickory,37.959055,-93.33347459999999,730
missouri,holt,40.0989571,-95.21345649999999,731
missouri,howard,39.132107700000006,-92.71817320000001,732
missouri,howell,36.766989,-91.91519749999999,733
missouri,iron,37.575509000000004,-90.6953467,734
missouri,jackson,38.985812,-94.3616622,735
missouri,jasper,37.176515,-94.3103412,736
missouri,jefferson,38.267165999999996,-90.57218890000001,737
missouri,johnson,38.7295547,-93.81610340000002,738
missouri,knox,40.122723,-92.1573551,739
missouri,laclede,37.6475206,-92.6324187,740
missouri,lafayette,39.0603689,-93.8151868,741
missouri,lawrence,37.103697499999996,-93.8535681,742
missouri,lewis,40.090241799999994,-91.7013355,743
missouri,lincoln,39.0605477,-90.95935899999999,744
missouri,linn,39.8652349,-93.1104004,745
missouri,livingston,39.7639036,-93.55739190000001,746
missouri,macon,39.8416253,-92.5675118,747
missouri,madison,37.491469099999996,-90.35676690000001,748
missouri,maries,38.1683782,-91.928925,749
missouri,marion,39.808057299999994,-91.6318781,750
missouri,mcdonald,36.625983899999994,-94.3529462,751
missouri,mercer,40.4095007,-93.57887059999999,752
missouri,miller,38.2118765,-92.43435440000002,753
missouri,mississippi,39.548248,-91.153628,754
missouri,moniteau,38.6074608,-92.5851064,755
missouri,monroe,39.494421,-91.9896892,756
missouri,montgomery,38.9682313,-91.48213259999999,757
missouri,morgan,38.417734100000004,-92.91837240000001,758
missouri,new madrid,36.574960600000004,-89.6780945,759
missouri,newton,36.9070237,-94.34241949999999,760
missouri,nodaway,40.3483437,-94.8723663,761
missouri,oregon,36.690974700000005,-91.4219804,762
missouri,osage,38.4637283,-91.8708392,763
missouri,ozark,36.6467816,-92.4575198,764
missouri,pemiscot,36.21049489999999,-89.8351486,765
missouri,perry,37.7107349,-89.84302480000001,766
missouri,pettis,38.7346291,-93.2991713,767
missouri,phelps,37.913292,-91.81681259999999,768
missouri,pike,39.3683251,-91.18256170000001,769
missouri,platte,39.3770348,-94.7716306,770
missouri,polk,37.6200803,-93.4087994,771
missouri,pulaski,37.8402606,-92.2248398,772
missouri,putnam,40.489040700000004,-92.9709709,773
missouri,ralls,39.552012,-91.547611,774
missouri,randolph,39.4418988,-92.50092149999999,775
missouri,ray,39.366172600000006,-93.9888262,776
missouri,reynolds,37.3762658,-90.9659462,777
missouri,ripley,36.647873499999996,-90.8887906,778
missouri,saline,39.125618599999996,-93.2300648,779
missouri,schuyler,40.4644896,-92.5152037,780
missouri,scotland,40.4479304,-92.1527305,781
missouri,scott,37.0516647,-89.5523071,782
missouri,shannon,37.1498052,-91.4328245,783
missouri,shelby,39.800453499999996,-92.071021,784
missouri,st charles,38.7829598,-90.481424,785
missouri,st clair,38.059294200000004,-93.79454559999999,786
missouri,st francois,37.7763775,-90.5089041,787
missouri,st louis,38.6268039,-90.1994097,788
missouri,ste genevieve,37.88958,-90.18566369999999,789
missouri,ste. genevieve,37.88958,-90.18566369999999,790
missouri,stoddard,36.855664600000004,-89.9451636,791
missouri,stone,36.7377156,-93.4555059,792
missouri,sullivan,40.1993002,-93.1140993,793
missouri,taney,36.6563729,-93.0665776,794
missouri,texas,37.335460100000006,-91.9808332,795
missouri,vernon,37.8639924,-94.3800151,796
missouri,warren,38.753510600000006,-91.14539479999999,797
missouri,washington,38.561062299999996,-91.01302079999999,798
missouri,wayne,37.112913299999995,-90.48091490000002,799
missouri,webster,37.2895151,-92.87921109999999,800
missouri,worth,40.46848370000001,-94.4176406,801
missouri,wright,37.273100799999995,-92.47659990000001,802
nebraska,adams,40.5125798,-98.5148588,803
nebraska,antelope,42.1864809,-98.07169429999999,804
nebraska,arthur,41.572128799999994,-101.6974898,805
nebraska,banner,41.5563636,-103.7384564,806
nebraska,blaine,41.919583700000004,-99.979237,807
nebraska,boone,41.7103804,-98.0544842,808
nebraska,box butte,42.2130279,-103.0700157,809
nebraska,boyd,42.916011,-98.7614212,810
nebraska,brown,42.4068829,-99.9120353,811
nebraska,buffalo,40.84216179999999,-99.08458159999999,812
nebraska,burt,41.855662,-96.3357902,813
nebraska,butler,41.214245399999996,-97.13841190000001,814
nebraska,cass,40.901731299999994,-96.1922102,815
nebraska,cedar,42.5947161,-97.23993730000001,816
nebraska,chase,40.5217576,-101.69317579999999,817
nebraska,cherry,42.5560174,-101.15030420000001,818
nebraska,cheyenne,41.2053619,-102.97967129999999,819
nebraska,clay,40.5020772,-98.0695257,820
nebraska,colfax,41.5738643,-97.08284870000001,821
nebraska,cuming,41.9233919,-96.7921475,822
nebraska,custer,41.4022198,-99.72722409999999,823
nebraska,dakota,42.4049316,-96.5677015,824
nebraska,dawes,42.71723,-103.12165279999999,825
nebraska,dawson,40.877643799999994,-99.8505693,826
nebraska,deuel,41.1097054,-102.32612490000001,827
nebraska,dixon,42.4351249,-96.8792569,828
nebraska,dodge,41.585770000000004,-96.6789773,829
nebraska,douglas,41.295411200000004,-96.1415672,830
nebraska,dundy,40.184987400000004,-101.6959427,831
nebraska,fillmore,40.5292953,-97.59972900000001,832
nebraska,franklin,40.1715234,-98.96875849999999,833
nebraska,frontier,40.5520473,-100.4230266,834
nebraska,furnas,40.179127799999996,-99.8981009,835
nebraska,gage,40.246944899999995,-96.7021336,836
nebraska,garden,41.6440533,-102.3392806,837
nebraska,garfield,41.895742999999996,-99.0097985,838
nebraska,gosper,40.514505299999996,-99.8185651,839
nebraska,grant,41.9231444,-101.73540609999999,840
nebraska,greeley,41.559574600000005,-98.53009140000002,841
nebraska,hall,40.862733500000004,-98.5122907,842
nebraska,hamilton,40.85698529999999,-98.0470062,843
nebraska,harlan,40.1617382,-99.4349368,844
nebraska,hayes,40.5335592,-101.0605971,845
nebraska,hitchcock,40.165957299999995,-101.0387468,846
nebraska,holt,42.43044520000001,-98.75407829999999,847
nebraska,hooker,41.907847100000005,-101.1572302,848
nebraska,howard,41.227424,-98.5174349,849
nebraska,jefferson,40.185543,-97.1786805,850
nebraska,johnson,40.391558700000004,-96.2796179,851
nebraska,kearney,40.699478000000006,-99.081858,852
nebraska,keith,41.1973065,-101.6862537,853
nebraska,keya paha,42.8866032,-99.6995454,854
nebraska,kimball,41.1881305,-103.6997645,855
nebraska,knox,42.620669799999995,-97.89014449999999,856
nebraska,lancaster,40.7768326,-96.71110390000001,857
nebraska,lincoln,40.8,-96.66782099999999,858
nebraska,logan,41.5590057,-100.5030548,859
nebraska,loup,41.9075834,-99.4608177,860
nebraska,madison,41.906494200000004,-97.5961512,861
nebraska,mcpherson,41.5621689,-101.082432,862
nebraska,merrick,41.1650536,-98.05319370000001,863
nebraska,morrill,41.683432,-103.0100258,864
nebraska,nance,41.3947359,-98.002421,865
nebraska,nemaha,40.3837713,-95.8518344,866
nebraska,nuckolls,40.162128499999994,-98.047997,867
nebraska,otoe,40.656685100000004,-96.1444582,868
nebraska,pawnee,40.122324799999994,-96.2629022,869
nebraska,perkins,40.8501242,-101.6522162,870
nebraska,phelps,40.507864700000006,-99.42566500000001,871
nebraska,pierce,42.259126200000004,-97.6036812,872
nebraska,platte,41.5760383,-97.51149000000001,873
nebraska,polk,41.1893645,-97.57024399999999,874
nebraska,red willow,40.1686191,-100.45509009999999,875
nebraska,richardson,40.1194651,-95.7607517,876
nebraska,rock,42.41526029999999,-99.456071,877
nebraska,saline,40.507961200000004,-97.175536,878
nebraska,sarpy,41.1193462,-96.09308100000001,879
nebraska,saunders,41.22600070000001,-96.65208340000001,880
nebraska,scotts bluff,41.8555787,-103.7088303,881
nebraska,seward,40.8695533,-97.1706676,882
nebraska,sheridan,42.454288500000004,-102.4089285,883
nebraska,sherman,41.220687700000006,-98.99384,884
nebraska,sioux,42.5055628,-103.7745337,885
nebraska,stanton,41.922068700000004,-97.21411579999999,886
nebraska,thayer,40.1682672,-97.63481879999999,887
nebraska,thomas,41.9116541,-100.5558924,888
nebraska,thurston,42.1837827,-96.53949859999999,889
nebraska,valley,41.5595723,-98.9805484,890
nebraska,washington,41.5407766,-96.246548,891
nebraska,wayne,42.1941294,-97.169623,892
nebraska,webster,40.1677552,-98.5260923,893
nebraska,wheeler,41.899806899999994,-98.53094870000001,894
nebraska,york,40.868095000000004,-97.592026,895
north dakota,adams,46.073285999999996,-102.5315028,896
north dakota,barnes,46.9310489,-98.06788490000001,897
north dakota,benson,48.019136200000005,-99.403103,898
north dakota,billings,47.0456305,-103.3943708,899
north dakota,bottineau,48.82723,-100.445698,900
north dakota,bowman,46.1830618,-103.3949061,901
north dakota,burke,48.7882181,-102.52958670000001,902
north dakota,burleigh,46.9498874,-100.5127667,903
north dakota,cass,46.9241972,-97.22063100000001,904
north dakota,cavalier,48.793881400000004,-97.6223098,905
north dakota,dickey,46.0952757,-98.5322728,906
north dakota,divide,48.8189219,-103.5180387,907
north dakota,dunn,47.30612,-102.6112348,908
north dakota,eddy,47.7113958,-98.9087265,909
north dakota,emmons,46.2575403,-100.25749420000001,910
north dakota,foster,47.4642277,-98.8815333,911
north dakota,golden valley,46.931794399999994,-103.86684140000001,912
north dakota,grand forks,47.9078244,-97.0592028,913
north dakota,grant,46.3441037,-101.62618370000001,914
north dakota,griggs,47.4473179,-98.26161579999999,915
north dakota,hettinger,46.0013946,-102.63682390000001,916
north dakota,kidder,46.9636218,-99.79526750000001,917
north dakota,la moure,48.8319389,-97.9298186,918
north dakota,logan,46.4650338,-99.45017209999999,919
north dakota,mchenry,48.1907427,-100.65378,920
north dakota,mcintosh,46.1097938,-99.42434109999999,921
north dakota,mckenzie,47.770253600000004,-103.4734684,922
north dakota,mclean,47.6002156,-101.1719782,923
north dakota,mercer,47.33476629999999,-101.8650031,924
north dakota,morton,46.72447329999999,-101.16445429999999,925
north dakota,mountrail,48.230321,-102.3603325,926
north dakota,nelson,47.8852229,-98.1774434,927
north dakota,oliver,47.1077709,-101.35244859999999,928
north dakota,pembina,48.7530787,-97.5532833,929
north dakota,pierce,48.19571079999999,-100.0625504,930
north dakota,ramsey,48.242619899999994,-98.70624190000001,931
north dakota,ransom,46.4519081,-97.6903091,932
north dakota,renville,48.6579169,-101.7009103,933
north dakota,richland,46.2247251,-96.9470748,934
north dakota,rolette,48.7419695,-99.83803359999999,935
north dakota,sargent,46.11017929999999,-97.6291809,936
north dakota,sheridan,47.5321614,-100.367913,937
north dakota,sioux,46.0654725,-100.978187,938
north dakota,slope,46.446465100000005,-103.4507022,939
north dakota,stark,46.7870161,-102.7338349,940
north dakota,steele,47.4413054,-97.7450372,941
north dakota,stutsman,46.9596318,-98.9742609,942
north dakota,towner,48.6481504,-99.2322581,943
north dakota,traill,47.443850399999995,-97.17970009999999,944
north dakota,walsh,48.369378399999995,-97.7469943,945
north dakota,ward,48.2488309,-101.62426070000001,946
north dakota,wells,47.5664224,-99.6508819,947
north dakota,williams,48.3629861,-103.4958386,948
ohio,adams,38.8398935,-83.5051704,949
ohio,allen,40.807779700000005,-84.0572225,950
ohio,ashland,40.7887367,-82.2360391,951
ohio,ashtabula,41.7167229,-80.74947,952
ohio,athens,39.3289242,-82.1012479,953
ohio,auglaize,40.5942186,-84.2641951,954
ohio,belmont,40.0057737,-81.0097516,955
ohio,brown,38.9092542,-83.8836555,956
ohio,butler,39.4233043,-84.5936897,957
ohio,carroll,40.5250362,-81.09272340000001,958
ohio,champaign,40.172698700000005,-83.77019990000001,959
ohio,clark,39.92296760000001,-83.7905959,960
ohio,clermont,39.0678155,-84.15663409999999,961
ohio,clinton,39.425987299999996,-83.8445792,962
ohio,columbiana,40.7787016,-80.7648602,963
ohio,coshocton,40.2905684,-81.92714409999999,964
ohio,crawford,40.870590899999996,-82.9065596,965
ohio,cuyahoga,41.4301347,-81.6905558,966
ohio,darke,40.168765,-84.631372,967
ohio,defiance,41.32030579999999,-84.5084835,968
ohio,delaware,40.231768599999995,-82.96510450000001,969
ohio,erie,41.35064620000001,-82.64044799999999,970
ohio,fairfield,39.788611100000004,-82.64188829999999,971
ohio,fayette,39.583988899999994,-83.4401122,972
ohio,franklin,40.0283162,-83.0076657,973
ohio,fulton,41.604581700000004,-84.11410479999999,974
ohio,gallia,38.795246500000005,-82.35562159999999,975
ohio,geauga,41.476824900000004,-81.1850459,976
ohio,greene,39.6908207,-83.9175037,977
ohio,guernsey,40.0802222,-81.4859433,978
ohio,hamilton,39.2085354,-84.55018740000001,979
ohio,hancock,40.9939911,-83.6587588,980
ohio,hardin,40.6880457,-83.68353370000001,981
ohio,harrison,40.2694328,-81.1289112,982
ohio,henry,41.281810899999996,-84.0581255,983
ohio,highland,39.1802516,-83.6304344,984
ohio,hocking,39.4644491,-82.54697220000001,985
ohio,holmes,40.584011700000005,-81.93040450000001,986
ohio,huron,41.1305303,-82.591828,987
ohio,jackson,39.0131871,-82.60890429999999,988
ohio,jefferson,40.3792938,-80.7847619,989
ohio,knox,40.4467896,-82.4056302,990
ohio,lake,41.7064789,-81.2380032,991
ohio,lawrence,38.6065461,-82.5702511,992
ohio,licking,40.131804100000004,-82.46278559999999,993
ohio,logan,40.4430521,-83.7414465,994
ohio,lorain,41.467323799999996,-82.1781904,995
ohio,lucas,41.6508446,-83.621321,996
ohio,madison,39.8868227,-83.3937233,997
ohio,mahoning,40.983013299999996,-80.78264159999999,998
ohio,marion,40.5885271,-83.18952490000001,999
ohio,medina,41.1000764,-81.9382517,1000
ohio,meigs,39.1099292,-82.04207690000001,1001
ohio,mercer,40.436786600000005,-84.6109122,1002
ohio,miami,40.058025799999996,-84.2236524,1003
ohio,monroe,39.7157533,-81.1078783,1004
ohio,montgomery,39.6837328,-84.2854817,1005
ohio,morgan,39.594395299999995,-81.877978,1006
ohio,morrow,40.45743579999999,-82.7771661,1007
ohio,muskingum,40.006416200000004,-81.9984697,1008
ohio,noble,39.7517148,-81.4957347,1009
ohio,ottawa,41.5421375,-83.213342,1010
ohio,paulding,41.162840100000004,-84.5902954,1011
ohio,perry,39.6370289,-82.2044367,1012
ohio,pickaway,39.672532700000005,-83.0373284,1013
ohio,pike,39.10563870000001,-83.06114040000001,1014
ohio,portage,41.1496775,-81.2082,1015
ohio,preble,39.8125011,-84.6411162,1016
ohio,putnam,41.0677672,-84.1686932,1017
ohio,richland,40.776322,-82.5302254,1018
ohio,ross,39.345550700000004,-83.077359,1019
ohio,sandusky,41.448939700000004,-82.7079605,1020
ohio,scioto,38.823448,-83.01714100000001,1021
ohio,seneca,41.134370200000006,-83.1194199,1022
ohio,shelby,40.3491604,-84.1593008,1023
ohio,stark,40.7214654,-81.4399734,1024
ohio,summit,41.1457902,-81.5333603,1025
ohio,trumbull,41.3068487,-80.7661017,1026
ohio,tuscarawas,40.375946899999995,-81.464888,1027
ohio,union,40.325593700000006,-83.36768590000001,1028
ohio,van wert,40.8014651,-84.600988,1029
ohio,vinton,39.274435499999996,-82.4740302,1030
ohio,warren,39.420397799999996,-84.180897,1031
ohio,washington,39.4782641,-81.54889449999999,1032
ohio,wayne,40.8615819,-81.90346170000001,1033
ohio,williams,41.5018224,-84.59237850000001,1034
ohio,wood,41.277666100000005,-83.6643025,1035
ohio,wyandot,40.865471,-83.28105390000002,1036
south dakota,aurora,43.6963371,-98.57224609999999,1037
south dakota,beadle,44.4157764,-98.2751583,1038
south dakota,bennett,43.1854085,-101.655263,1039
south dakota,bon homme,43.0067408,-97.8721324,1040
south dakota,brookings,44.311461,-96.79844,1041
south dakota,brown,45.5832968,-98.3674786,1042
south dakota,brule,43.684830100000006,-99.0538876,1043
south dakota,buffalo,44.0646363,-99.1707339,1044
south dakota,butte,44.912173100000004,-103.5267067,1045
south dakota,campbell,45.7560544,-100.0441548,1046
south dakota,charles mix,43.225787100000005,-98.6162758,1047
south dakota,clark,44.8684319,-97.7431382,1048
south dakota,clay,42.9190617,-96.9712933,1049
south dakota,codington,44.9695646,-97.19765129999999,1050
south dakota,corson,45.713520700000004,-101.1797766,1051
south dakota,custer,43.766651,-103.59880600000001,1052
south dakota,davison,43.6660467,-98.1383168,1053
south dakota,day,45.3658879,-97.6152661,1054
south dakota,deuel,44.755435299999995,-96.67155100000001,1055
south dakota,dewey,45.17889829999999,-100.8592127,1056
south dakota,douglas,43.3969325,-98.34066729999999,1057
south dakota,edmunds,45.4163408,-99.2220208,1058
south dakota,fall river,43.2264954,-103.5791473,1059
south dakota,faulk,45.0743643,-99.17397779999999,1060
south dakota,grant,45.1690114,-96.7057561,1061
south dakota,gregory,43.17137879999999,-99.1674843,1062
south dakota,haakon,44.288774100000005,-101.5756888,1063
south dakota,hamlin,44.6754502,-97.20058159999999,1064
south dakota,hand,44.5405047,-99.0053027,1065
south dakota,hanson,43.661554100000004,-97.79453609999999,1066
south dakota,harding,45.5509163,-103.4791412,1067
south dakota,hughes,44.4047339,-99.946102,1068
south dakota,hutchinson,43.327141299999994,-97.7396791,1069
south dakota,hyde,44.510340500000005,-99.49367190000001,1070
south dakota,jackson,43.668546,-101.6595883,1071
south dakota,jerauld,44.0797601,-98.61820420000001,1072
south dakota,jones,43.9667174,-100.6853793,1073
south dakota,kingsbury,44.3631469,-97.4882433,1074
south dakota,lake,44.0188394,-97.12672909999999,1075
south dakota,lawrence,44.3501591,-103.8248538,1076
south dakota,lincoln,43.2724187,-96.7387762,1077
south dakota,lyman,43.9176386,-99.85816379999999,1078
south dakota,marshall,45.7619018,-97.6300108,1079
south dakota,mccook,43.6719795,-97.37153,1080
south dakota,mcpherson,45.7350535,-99.2473056,1081
south dakota,meade,44.5263375,-102.6463435,1082
south dakota,mellette,43.561525,-100.7249944,1083
south dakota,miner,44.012951799999996,-97.60434509999999,1084
south dakota,minnehaha,43.6680284,-96.78376259999999,1085
south dakota,moody,43.998215,-96.66713850000001,1086
south dakota,oglala lakota,43.2977026,-102.56375159999999,1087
south dakota,pennington,43.995574600000005,-102.7854668,1088
south dakota,perkins,45.52880220000001,-102.50535450000001,1089
south dakota,potter,45.0764805,-99.9607952,1090
south dakota,roberts,45.6000291,-97.00002380000001,1091
south dakota,sanborn,44.0089691,-98.0834349,1092
south dakota,spink,44.9438314,-98.3730958,1093
south dakota,stanley,44.418968400000004,-100.802728,1094
south dakota,sully,44.7173891,-100.06901490000001,1095
south dakota,todd,43.184924,-100.7438395,1096
south dakota,tripp,43.3235158,-99.8941094,1097
south dakota,turner,43.325637799999996,-97.136978,1098
south dakota,union,42.8717888,-96.6772947,1099
south dakota,walworth,45.404385299999994,-100.00729720000001,1100
south dakota,washabaugh,43.569990999999995,-101.66033900000001,1101
south dakota,washington,30.528989000000003,-98.357235,1102
south dakota,yankton,42.8712938,-97.39670109999999,1103
south dakota,ziebach,44.9241074,-101.7110445,1104
