,Cor_is,Cor_train,training_RMSE,Iteration,test_RMSE
0,0.4629964032102483,0.0428912671681832,41.05329132080078,0.0,54.918739318847656
1,-0.40488330778056897,-0.20861078945543157,15.390580177307129,1000.0,27.735082626342773
2,-0.29434902611762825,-0.18267356201521193,11.003189086914062,2000.0,19.007122039794922
3,-0.3192425818080182,-0.07980006211302736,10.77769947052002,3000.0,17.668676376342773
4,-0.19474807370271333,-0.0920980319270916,10.812268257141113,4000.0,17.770164489746094
5,-0.12289191693967787,0.08077687691397475,10.98806095123291,5000.0,17.840839385986328
6,-0.35104925021867867,0.04087128620172299,10.848442077636719,6000.0,17.58145523071289
7,0.7333979874792927,0.826445423957293,6.692490100860596,7000.0,10.506823539733887
8,0.8096149924907072,0.8714768957177951,5.259572505950928,8000.0,7.718017101287842
9,0.8530669646651653,0.8945197844488129,4.877148151397705,9000.0,6.641933917999268
10,0.8546866559507823,0.9111399676729841,4.457202434539795,10000.0,6.222410678863525
11,0.8667765405708403,0.9056953664982207,4.50246000289917,11000.0,5.956065654754639
12,0.8686616123439048,0.9195657171382963,4.187889099121094,12000.0,5.684223175048828
13,0.8713878814934864,0.927719307569498,4.105769634246826,13000.0,5.738471984863281
14,0.8720270094389316,0.9213900676430925,4.00645637512207,14000.0,5.66136360168457
15,0.8686587280811444,0.9302926434789468,3.956582546234131,15000.0,5.812060832977295
16,0.8754840389073717,0.9379537603447918,3.714632511138916,16000.0,6.158396244049072
17,0.872735676467191,0.9304728577163598,3.9961647987365723,17000.0,5.69979190826416
18,0.8710095745853133,0.9415596614215325,3.4926130771636963,18000.0,5.956507205963135
19,0.8778424962606248,0.9366613633647696,3.6851320266723633,19000.0,6.23567008972168
20,0.8768703926156263,0.9431557990350474,3.592386245727539,20000.0,5.3972272872924805
21,0.8774762829629772,0.9335351762465904,3.881606340408325,21000.0,5.93693208694458
22,0.8772143823638829,0.9495818401908848,3.3867299556732178,22000.0,6.156955242156982
23,0.8700430751152218,0.9488040524407296,3.3999545574188232,23000.0,6.058313846588135
24,0.8814219603675009,0.9494874686243657,3.4016997814178467,24000.0,5.836709499359131
25,0.8754683792280201,0.9477251938450921,3.5467851161956787,25000.0,6.039916038513184
26,0.8786040966073532,0.9457939785520698,3.514880657196045,26000.0,5.846003532409668
27,0.8860936730888018,0.9535931119512785,3.295522451400757,27000.0,6.047426223754883
28,0.876010841072462,0.9537420375145454,3.3109967708587646,28000.0,6.322745323181152
29,0.8777363668056399,0.955602721801575,3.3189404010772705,29000.0,5.956264972686768
30,0.8837785919916549,0.952009488318811,3.3219454288482666,30000.0,6.087108612060547
31,0.8709400971547625,0.9474766536681155,3.4524669647216797,31000.0,6.795136451721191
32,0.8833332092251962,0.9546648321354263,3.191417932510376,32000.0,6.417247772216797
33,0.8735727773316979,0.955691595491528,3.153898000717163,33000.0,6.096075534820557
34,0.8718031578935419,0.9513141047329161,3.491846799850464,34000.0,6.74553108215332
35,0.8770727966326827,0.9554219688434993,3.1373884677886963,35000.0,6.059476852416992
36,0.8661321499292596,0.958019266681719,3.165573835372925,36000.0,6.214089870452881
37,0.8792353486604417,0.9498150662344691,3.3295609951019287,37000.0,6.296368598937988
38,0.8726641332557342,0.9596866366151736,2.8960318565368652,38000.0,6.594849586486816
39,0.8740957106006878,0.9545911977378317,3.262416362762451,39000.0,7.058971405029297
40,0.8652968767404313,0.959114299415081,3.174490213394165,40000.0,6.607316493988037
41,0.8663234134305734,0.9663414585944671,2.8558475971221924,41000.0,7.018181324005127
42,0.8652341811873585,0.9591659907808595,3.046281576156616,42000.0,6.999282360076904
43,0.8683613132225081,0.9610401871190062,2.9534263610839844,43000.0,6.695089817047119
44,0.8616909183154505,0.9689748768095398,2.6908633708953857,44000.0,7.101927280426025
45,0.8547903935535637,0.9640523461267625,2.798032283782959,45000.0,6.882849216461182
46,0.8721312738449057,0.9593704309632765,3.1755571365356445,46000.0,6.1315693855285645
47,0.8705900283670621,0.9619438270874087,2.987178325653076,47000.0,7.603007793426514
48,0.8761662773814518,0.9679069744128111,2.6996662616729736,48000.0,6.54498291015625
49,0.8612743128418411,0.963694153665822,2.9454715251922607,49000.0,6.918039798736572
50,0.8690330603962655,0.961966555954334,3.0592963695526123,50000.0,7.114689826965332
51,0.8610851006989382,0.9591880665988561,3.0482943058013916,51000.0,6.944756031036377
52,0.8558772819194138,0.966544808540612,2.758117914199829,52000.0,7.595040798187256
53,0.8696336841505131,0.9648993084646692,2.7494685649871826,53000.0,7.458574295043945
54,0.8554916373969829,0.9594914047759471,3.20615553855896,54000.0,7.1418962478637695
55,0.8596341872464511,0.9580423597631574,3.0536704063415527,55000.0,7.7145256996154785
56,0.8617813066438508,0.9671001038742509,2.6765296459198,56000.0,7.644064426422119
57,0.8687132797760824,0.9631668129875923,2.972731590270996,57000.0,6.944113254547119
58,0.8733388776739278,0.9625899893972791,2.946582317352295,58000.0,7.291631698608398
59,0.8695315346281394,0.960492806792825,2.96856689453125,59000.0,7.3559746742248535
60,0.863908307800864,0.9642454951316978,2.7921488285064697,60000.0,7.695718765258789
61,0.8629939850786361,0.9712732932127262,2.5973029136657715,61000.0,7.737832069396973
62,0.8712174451312693,0.9578339211729759,3.0162596702575684,62000.0,7.258945941925049
63,0.8679804409930942,0.969414567350417,2.6340227127075195,63000.0,7.120450496673584
64,0.8586203062668071,0.9678428975413198,2.755248785018921,64000.0,7.655239582061768
65,0.868748918884069,0.9737793786346595,2.535851240158081,65000.0,7.800873756408691
66,0.8643997789094294,0.9726776999875576,2.5905187129974365,66000.0,7.13946533203125
67,0.8691585308785347,0.9710079810676832,2.5191872119903564,67000.0,7.557860374450684
68,0.8609928436218478,0.9672721662237974,2.7287449836730957,68000.0,7.917445659637451
69,0.8635031032638556,0.9610198493652709,2.9851510524749756,69000.0,7.909222602844238
70,0.8636595741108666,0.9695106265067333,2.636528253555298,70000.0,7.721979141235352
71,0.8628183814963585,0.9671529038869348,2.7363359928131104,71000.0,7.631138801574707
72,0.8636427495909023,0.9717740013502061,2.5906271934509277,72000.0,7.51674747467041
73,0.8670220713345435,0.9736661849267236,2.4386374950408936,73000.0,7.801424503326416
74,0.8664370726610993,0.9732233768269626,2.488921642303467,74000.0,7.944488525390625
75,0.8572509299599366,0.9723235253897962,2.515836238861084,75000.0,7.655852794647217
76,0.863948308126915,0.9651913981981853,2.7631587982177734,76000.0,7.433762550354004
77,0.8660248464865412,0.9674186096495789,2.6427903175354004,77000.0,7.781055927276611
78,0.8678616410603275,0.971077275203069,2.6219043731689453,78000.0,7.362123489379883
79,0.8608057800746629,0.9645606061126362,2.9178004264831543,79000.0,8.256219863891602
80,0.8648043880226015,0.970327087594537,2.630275011062622,80000.0,8.512235641479492
81,0.8629884216024081,0.9736460332014152,2.4864840507507324,81000.0,8.153118133544922
82,0.863750272283556,0.9737163122607828,2.45119309425354,82000.0,7.878117561340332
83,0.8604297284132957,0.9679334635441051,2.677861452102661,83000.0,7.915428638458252
84,0.8623777700707702,0.9725022432456727,2.5033748149871826,84000.0,7.493256092071533
85,0.8625179091624109,0.9727432869093864,2.4440982341766357,85000.0,8.028194427490234
86,0.8627997236431446,0.9758376957556638,2.347391366958618,86000.0,8.0042085647583
87,0.86460783131712,0.9742975293518343,2.4045629501342773,87000.0,8.023275375366211
88,0.8682112563007108,0.9717099731190573,2.619870901107788,88000.0,7.879242897033691
89,0.863400125652543,0.9735573469936376,2.4059665203094482,89000.0,7.787172317504883
90,0.8640813206211077,0.9732381842935952,2.530001640319824,90000.0,7.858216285705566
91,0.8667103032854064,0.9749340556715433,2.477393865585327,91000.0,7.793239593505859
92,0.8637998650276765,0.9745270660830557,2.4143753051757812,92000.0,8.376468658447266
93,0.8596180702120364,0.9713933072271907,2.51418137550354,93000.0,7.93641471862793
94,0.866655700633562,0.9751291933443867,2.367239475250244,94000.0,8.064961433410645
95,0.8642882235843642,0.9713450855561894,2.549589157104492,95000.0,7.639986515045166
96,0.8659608910141945,0.9717555134091395,2.510979413986206,96000.0,7.892451286315918
97,0.8667098328235417,0.9726464276886503,2.563289165496826,97000.0,8.155295372009277
98,0.8673196876680805,0.9738265068334668,2.383178234100342,98000.0,8.276595115661621
99,0.8658677695726397,0.973170775348711,2.5361557006835938,99000.0,8.039692878723145
100,0.8676499963816501,0.9774744851662628,2.2663064002990723,100000.0,8.591761589050293
101,0.8744719800718042,0.9775107308433064,2.2873013019561768,101000.0,7.999942302703857
102,0.8703024836399109,0.9733142054927532,2.4905970096588135,102000.0,8.292045593261719
103,0.8687411149610853,0.9784804825237994,2.2672982215881348,103000.0,8.094197273254395
104,0.8687291126252212,0.9781536985179891,2.321885108947754,104000.0,8.852392196655273
105,0.8707451684393511,0.9711408842377897,2.596550464630127,105000.0,8.110947608947754
106,0.8701538500760359,0.9700328296391303,2.588564872741699,106000.0,8.270401000976562
107,0.8670353963910838,0.9668478638061143,2.7137999534606934,107000.0,8.21892261505127
108,0.8675306834282118,0.9758684355958565,2.4182634353637695,108000.0,8.51423454284668
109,0.8670182812080254,0.9775914504602502,2.2701947689056396,109000.0,8.387638092041016
110,0.8658597116812108,0.9764959662943786,2.3854620456695557,110000.0,7.827616214752197
111,0.858917444496717,0.9775758601017923,2.371302366256714,111000.0,7.656549453735352
112,0.864563487817246,0.9744655757414741,2.5266692638397217,112000.0,8.329176902770996
113,0.8574998292519603,0.9755564645058504,2.4522883892059326,113000.0,8.170948028564453
114,0.8642550254917134,0.9765750877893766,2.274390697479248,114000.0,8.52736759185791
115,0.8650483143359997,0.9730422311231774,2.5204501152038574,115000.0,8.021404266357422
116,0.8671532851248284,0.9739209189091391,2.405017375946045,116000.0,8.337848663330078
117,0.8662159222860677,0.9786407511472024,2.214076280593872,117000.0,8.61812973022461
118,0.8697931108170124,0.9744101842282826,2.4000000953674316,118000.0,7.919360160827637
119,0.866871279418285,0.9726232073717741,2.469783306121826,119000.0,8.390305519104004
120,0.8691237732168761,0.9762839785923516,2.3164825439453125,120000.0,8.543126106262207
121,0.8633360863959401,0.9766733388994806,2.4233412742614746,121000.0,8.200494766235352
122,0.8616456594401829,0.9774557966861684,2.3853864669799805,122000.0,8.155471801757812
123,0.8643436481780727,0.9762486610154804,2.358992338180542,123000.0,8.542882919311523
124,0.8639172479688567,0.9786539836179001,2.232017755508423,124000.0,8.12397289276123
125,0.8635970172480008,0.9787754562405797,2.2179462909698486,125000.0,8.098182678222656
126,0.8615080041687491,0.9762169811953076,2.311664581298828,126000.0,8.465335845947266
127,0.8652368329127066,0.9769146084835771,2.212573528289795,127000.0,8.151832580566406
128,0.8641619124482022,0.9794049659044237,2.1886000633239746,128000.0,8.295295715332031
129,0.8623058243569959,0.9772614183790541,2.174865245819092,129000.0,8.480653762817383
130,0.8603888476054582,0.9826579136019113,1.9907658100128174,130000.0,8.336237907409668
131,0.8651748525001248,0.9743074116463454,2.4272139072418213,131000.0,8.502436637878418
132,0.86148642599672,0.9747164903261906,2.378369092941284,132000.0,8.436271667480469
133,0.8605686753224547,0.9784258727744407,2.273428440093994,133000.0,8.58121109008789
134,0.8619508146773717,0.9801816513730707,2.13484787940979,134000.0,8.29454231262207
135,0.8603291629231162,0.9788498369095001,2.258411407470703,135000.0,8.437067031860352
136,0.8599051425990962,0.9766533065075883,2.300959587097168,136000.0,8.629322052001953
137,0.8606521034308251,0.9768188907646255,2.2495779991149902,137000.0,8.602224349975586
138,0.8611830584256378,0.9788741550465422,2.1815907955169678,138000.0,8.45050048828125
139,0.8622777342886974,0.977392958222817,2.329134464263916,139000.0,8.7459716796875
140,0.8583829975201385,0.9787286676345445,2.2926039695739746,140000.0,8.580353736877441
141,0.8565681403093036,0.977294043923406,2.3021469116210938,141000.0,8.595776557922363
142,0.8592110300903736,0.9703155419324101,2.6410434246063232,142000.0,8.335323333740234
143,0.862924416957961,0.9790652973303361,2.126430034637451,143000.0,8.671050071716309
144,0.8614225077138931,0.9787570864033529,2.278501272201538,144000.0,8.57846450805664
145,0.859017726745938,0.9830663515416155,2.0091562271118164,145000.0,8.304315567016602
146,0.8587790635029408,0.9784288850245185,2.315484046936035,146000.0,8.877646446228027
147,0.8648522966767039,0.9745705964429825,2.397792339324951,147000.0,8.605401039123535
148,0.8611677342247679,0.9744731873810105,2.426415205001831,148000.0,8.591154098510742
149,0.8616424500182988,0.9764375157092776,2.269693374633789,149000.0,8.709095001220703
150,0.8620499348169741,0.9776195239383719,2.2914650440216064,150000.0,8.594494819641113
151,0.859887021115269,0.9776493393789829,2.22808837890625,151000.0,8.515007019042969
152,0.8584273917059188,0.9775998033713021,2.2255871295928955,152000.0,8.554001808166504
153,0.8529383887574364,0.9811381590126127,2.0202226638793945,153000.0,8.753857612609863
154,0.8567818038904367,0.9794435612767582,2.251514196395874,154000.0,8.750442504882812
155,0.8526111163801168,0.9788245256118059,2.215144395828247,155000.0,8.718245506286621
156,0.8581241198813756,0.9790765008840457,2.2158658504486084,156000.0,8.697304725646973
157,0.8549719125703845,0.9828199540111121,2.068587064743042,157000.0,8.688018798828125
158,0.8565918792726379,0.9823436601395648,1.9893994331359863,158000.0,8.729180335998535
159,0.8523595975421128,0.9812349997203034,2.065464735031128,159000.0,8.785244941711426
160,0.8558440977748868,0.9795877792571371,2.237917900085449,160000.0,8.820768356323242
161,0.8550944254582007,0.9818466289652856,2.1245930194854736,161000.0,9.22274398803711
162,0.8531260290541698,0.977242854651076,2.255110263824463,162000.0,8.554329872131348
163,0.856105717023636,0.9780881137068929,2.1620395183563232,163000.0,8.708389282226562
164,0.8535157063046407,0.9803474652680392,2.1858394145965576,164000.0,8.586197853088379
165,0.856925375056879,0.9776840614295845,2.3183765411376953,165000.0,8.493481636047363
166,0.8540316794366758,0.9776060380303584,2.204019784927368,166000.0,8.743423461914062
167,0.8513032631790328,0.9819476233703316,2.04386830329895,167000.0,8.855010032653809
168,0.8594162864265348,0.9785173497364078,2.1983327865600586,168000.0,8.877440452575684
169,0.8556778628890581,0.9814835049351277,2.079636335372925,169000.0,8.688543319702148
170,0.851947291481474,0.9801782494619251,2.0899200439453125,170000.0,8.897536277770996
171,0.8510662670832148,0.9772160909883502,2.2785587310791016,171000.0,8.721895217895508
172,0.8539655309749116,0.9767414886559592,2.308137893676758,172000.0,8.88065242767334
173,0.8522833106859736,0.9759540235654853,2.324406147003174,173000.0,8.581496238708496
174,0.8512579006660724,0.9780944198111566,2.221240758895874,174000.0,8.818553924560547
175,0.8503286481925688,0.978351031467454,2.1911981105804443,175000.0,8.997529029846191
176,0.8566420767464968,0.9786902546475005,2.171534538269043,176000.0,8.552116394042969
177,0.850435835922584,0.9827181945189424,2.0305209159851074,177000.0,9.071762084960938
178,0.8523408671181522,0.9811098165360049,2.098592519760132,178000.0,9.022812843322754
179,0.8480346544663357,0.9836954475070356,1.9848392009735107,179000.0,9.139229774475098
180,0.8502689249414858,0.9734529814070211,2.416900634765625,180000.0,9.138484954833984
181,0.8498409306144974,0.9787889915149007,2.094216823577881,181000.0,9.014726638793945
182,0.8535807119382206,0.9789936346884999,2.223919630050659,182000.0,8.802350044250488
183,0.8520258174036646,0.9809314314537833,2.1076431274414062,183000.0,8.830368041992188
184,0.8532755321326005,0.9798767762630368,2.1562185287475586,184000.0,8.874719619750977
185,0.8532457026412714,0.9784010168652971,2.2451765537261963,185000.0,9.056747436523438
186,0.8535895965616933,0.9800801424704905,2.1430840492248535,186000.0,8.84123420715332
187,0.8521396426577378,0.9771909409974056,2.276218891143799,187000.0,8.964863777160645
188,0.8494194718596617,0.9822350151878316,2.0611565113067627,188000.0,8.956209182739258
189,0.8504312838873103,0.9834810778805781,1.9535598754882812,189000.0,8.81390380859375
190,0.8464006542752225,0.9794682237050492,2.1676337718963623,190000.0,8.822437286376953
191,0.8490769078304314,0.9837946279619161,1.981576681137085,191000.0,8.993094444274902
192,0.8484108626088486,0.980046240620214,2.06229829788208,192000.0,8.948827743530273
193,0.8495353114319059,0.9789071005458155,2.2014553546905518,193000.0,8.935349464416504
194,0.8509098055319713,0.9793137891623579,2.164862632751465,194000.0,8.931917190551758
195,0.8477456125904588,0.9781663620859748,2.2014272212982178,195000.0,9.090617179870605
196,0.8497196620843086,0.9752186230133393,2.34419846534729,196000.0,9.196380615234375
197,0.8466954085300091,0.983048856160212,1.9592955112457275,197000.0,9.18796443939209
198,0.8458776756257674,0.9774705272118569,2.3087804317474365,198000.0,9.153922080993652
199,0.848517566956645,0.9822830236503444,1.9719836711883545,199000.0,9.183555603027344
200,0.847416367337001,0.9812377643458031,2.1095993518829346,200000.0,9.148375511169434
201,0.8465574919484014,0.981702760380745,2.0774338245391846,201000.0,9.075901985168457
202,0.8499235007652003,0.9787690088681776,2.1701834201812744,202000.0,9.054271697998047
203,0.8462451895926111,0.9802580125060653,2.1924891471862793,203000.0,9.15886402130127
204,0.8494513696697563,0.981191011148875,2.136364459991455,204000.0,9.055461883544922
205,0.8462519050803462,0.9803334346523597,2.189272165298462,205000.0,8.937087059020996
206,0.8486075916349828,0.977140845738386,2.3269166946411133,206000.0,9.088558197021484
207,0.8491977414337523,0.9806831188125362,2.016368865966797,207000.0,8.88457202911377
208,0.8484685054084622,0.9819948896863984,2.0016567707061768,208000.0,8.935608863830566
209,0.848575890559259,0.9808322372539227,2.1467933654785156,209000.0,9.290443420410156
210,0.8486558899085005,0.9827657721918803,1.98961341381073,210000.0,9.198100090026855
211,0.8466374692725458,0.9785900134485467,2.2012672424316406,211000.0,9.227213859558105
212,0.8480218186319226,0.9829198947207545,1.9894990921020508,212000.0,8.929920196533203
213,0.8491172339423732,0.9771777910746435,2.295910596847534,213000.0,9.183317184448242
214,0.8509893743900037,0.9815988648113692,2.1085925102233887,214000.0,8.604358673095703
215,0.8496268371115958,0.9827987873542564,2.007328987121582,215000.0,8.790910720825195
216,0.8472353077752657,0.9820158661631968,2.042414903640747,216000.0,9.062631607055664
217,0.8477135700802158,0.9804503102961837,2.0905449390411377,217000.0,8.941006660461426
218,0.8435875933810126,0.9816244835676851,2.0450074672698975,218000.0,9.166498184204102
219,0.8505783867330459,0.9835792798553405,1.9460599422454834,219000.0,9.103439331054688
220,0.8483233999979198,0.9775070121054784,2.2583539485931396,220000.0,9.145601272583008
221,0.8451502864335906,0.980506826129316,2.069152593612671,221000.0,9.261894226074219
222,0.8491912165796351,0.9852382729795854,1.87051260471344,222000.0,8.850698471069336
223,0.8499172204902566,0.9830981140766458,1.9676727056503296,223000.0,9.025126457214355
224,0.8504321390883686,0.9817461243831254,2.0418994426727295,224000.0,8.917736053466797
225,0.8466774903961013,0.9834047941069147,1.942118525505066,225000.0,9.074264526367188
226,0.8487875345360463,0.978717967336432,2.2257769107818604,226000.0,8.98991870880127
227,0.8445229167152416,0.9816140441131654,2.09024977684021,227000.0,8.995924949645996
228,0.8469236679333777,0.9828075382999545,1.9458155632019043,228000.0,9.056098937988281
229,0.8460219584787464,0.9801599151977728,2.1227667331695557,229000.0,8.797264099121094
230,0.8441644964940828,0.9836519735620192,1.9623409509658813,230000.0,9.204959869384766
231,0.8443750571079269,0.9807108189488604,2.0938615798950195,231000.0,9.12904167175293
232,0.848311328561411,0.9792911424159526,2.1356101036071777,232000.0,8.766935348510742
233,0.8503178453335195,0.9844367820446788,1.9740369319915771,233000.0,8.755364418029785
234,0.8461634769298534,0.9789159628929032,2.1598851680755615,234000.0,8.89727783203125
235,0.8467447804079699,0.9819589256362984,2.0374178886413574,235000.0,9.062124252319336
236,0.843777332400692,0.9799355268381954,2.1326282024383545,236000.0,9.105658531188965
237,0.8445748338762856,0.9820934252263852,1.9803698062896729,237000.0,9.195466041564941
238,0.8451254778368137,0.981814658705616,2.0622661113739014,238000.0,9.190498352050781
239,0.8446180947835721,0.9819344926698236,2.0727474689483643,239000.0,9.343255043029785
240,0.8401965514906743,0.9832315867950233,1.9473851919174194,240000.0,9.27526569366455
241,0.8415681350545446,0.9821151700716888,2.0099611282348633,241000.0,9.0914945602417
242,0.8430878602086601,0.9824509974331143,1.9742608070373535,242000.0,9.366179466247559
243,0.8491074566167447,0.9833214545558785,1.9056661128997803,243000.0,9.075075149536133
244,0.8450530025262807,0.9813914677363091,2.0892391204833984,244000.0,9.148098945617676
245,0.8478914896433479,0.9823407038163214,2.062748908996582,245000.0,9.08293342590332
246,0.8464295193045913,0.9807639182412434,2.1329429149627686,246000.0,9.13535213470459
247,0.8435101557145636,0.9822126879161616,2.0264041423797607,247000.0,9.09089469909668
248,0.8404667485359297,0.9854379949510561,1.8472157716751099,248000.0,8.979442596435547
249,0.8472753491955342,0.9809913451616262,2.0928516387939453,249000.0,8.99039363861084
250,0.8485444779572107,0.9850969466275348,1.8669739961624146,250000.0,9.107206344604492
251,0.8459486397344453,0.977506725186282,2.2412564754486084,251000.0,8.94638442993164
252,0.8444369002785338,0.9844390122653293,1.8565253019332886,252000.0,9.052544593811035
253,0.8409199370178896,0.97809416674476,2.2308149337768555,253000.0,9.288538932800293
254,0.8458002500609766,0.9842140088585767,1.8714066743850708,254000.0,9.11807632446289
255,0.8414398821315999,0.9840034474747085,1.923645257949829,255000.0,9.326383590698242
256,0.8454186783805956,0.9840386207568721,1.9325098991394043,256000.0,9.173957824707031
257,0.8392137621408833,0.9829154060987186,2.0814197063446045,257000.0,9.280637741088867
258,0.84431556919132,0.9800728542369813,2.145920991897583,258000.0,9.022788047790527
259,0.8445067794393635,0.9857376926670443,1.861344337463379,259000.0,9.356081008911133
260,0.8452333775629401,0.9800911565191455,2.05983304977417,260000.0,9.23232364654541
261,0.8420834251405763,0.9847059852022204,1.9183958768844604,261000.0,9.053215980529785
262,0.8423557082136769,0.9824092147415077,2.0201528072357178,262000.0,9.186555862426758
263,0.8447366876100861,0.9837992866785082,1.8954318761825562,263000.0,9.271312713623047
264,0.8415107999726218,0.9834432707877476,1.9491488933563232,264000.0,9.341459274291992
265,0.8444619286597774,0.9781683344711131,2.180433988571167,265000.0,9.24654483795166
266,0.8418165455443589,0.9825288939604193,1.957647442817688,266000.0,9.144758224487305
267,0.8413756171283737,0.9775763754593129,2.241119384765625,267000.0,9.142779350280762
268,0.8426326987498762,0.9804694068379084,2.040729284286499,268000.0,9.203885078430176
269,0.8376652084443904,0.9811892404382928,2.080653667449951,269000.0,9.40337085723877
270,0.8415481313454298,0.9838799387057068,1.9834117889404297,270000.0,9.298683166503906
271,0.84316195778326,0.9828286708483945,1.9518194198608398,271000.0,9.202256202697754
272,0.8448312499796816,0.9832708172334541,1.9797754287719727,272000.0,9.237853050231934
273,0.8407582599875235,0.9819128190562847,2.0805561542510986,273000.0,9.443501472473145
274,0.8392779918075883,0.9804878000436436,2.055469036102295,274000.0,9.047093391418457
275,0.8398258976660582,0.9825637445450145,2.0087013244628906,275000.0,9.32219123840332
276,0.8433838210406448,0.9827197505731798,1.997414231300354,276000.0,9.2537260055542
277,0.8447099583272741,0.9820816317712527,2.036243438720703,277000.0,9.097221374511719
278,0.8381749949077455,0.9811708364654621,2.052932024002075,278000.0,9.224696159362793
279,0.8400742002360496,0.9821228516288835,2.0410983562469482,279000.0,9.208456039428711
280,0.8393314354121002,0.9817510272429658,2.0076346397399902,280000.0,9.228626251220703
281,0.8380692276304329,0.9835998982703608,2.016683578491211,281000.0,9.078934669494629
282,0.8399134781666328,0.9832870642317976,1.966891884803772,282000.0,9.096232414245605
283,0.8393425281522239,0.9775575378546754,2.2147371768951416,283000.0,9.02099323272705
284,0.836771574591685,0.9795114007346646,2.135087251663208,284000.0,9.320592880249023
285,0.8430074855129812,0.9782864005881603,2.1810295581817627,285000.0,9.105676651000977
286,0.8461297506705555,0.9858128888606971,1.8155862092971802,286000.0,8.97797966003418
287,0.8453907422578021,0.9815115699616033,2.146857261657715,287000.0,9.036958694458008
288,0.8414154626899917,0.9800058652624267,2.088958740234375,288000.0,9.332816123962402
289,0.8364665484101061,0.9840680720433688,1.9145530462265015,289000.0,9.195809364318848
290,0.8417451099352921,0.9845308161099247,1.8799339532852173,290000.0,9.052529335021973
291,0.8412414828107736,0.9823102388960393,2.0028252601623535,291000.0,9.178011894226074
292,0.8419965115170075,0.9865592626644677,1.840972900390625,292000.0,9.114011764526367
293,0.8403776686571702,0.984177730492863,1.97078537940979,293000.0,9.324810028076172
294,0.8368729991807256,0.9840448557716858,1.8987360000610352,294000.0,9.304037094116211
295,0.8423232112485223,0.981967521610141,2.026068687438965,295000.0,9.253768920898438
296,0.836775034194699,0.9826273907603603,1.9388442039489746,296000.0,9.345746040344238
297,0.8405084335968076,0.9829710309287273,2.0048868656158447,297000.0,9.3465576171875
298,0.8425385253529389,0.9847548248842302,1.8853683471679688,298000.0,9.072442054748535
299,0.8414591570468516,0.9854070773170399,1.8313184976577759,299000.0,9.251022338867188
300,0.8419727024420187,0.9850877952682672,1.7998634576797485,300000.0,9.063396453857422
301,0.8398653706232371,0.9837830376180655,1.9486875534057617,301000.0,9.063799858093262
302,0.8388892706321291,0.9832364814425514,1.9784965515136719,302000.0,9.325425148010254
303,0.8379307411615283,0.9822991873495766,1.9848560094833374,303000.0,9.085832595825195
304,0.8402067274247284,0.980334920846984,2.0672292709350586,304000.0,9.232025146484375
305,0.8377996873937356,0.9789182779871397,2.1916565895080566,305000.0,9.170578956604004
306,0.8390996513949541,0.9847985445408695,1.8494577407836914,306000.0,9.174881935119629
307,0.8377254933148894,0.9850062510372147,1.9099255800247192,307000.0,9.112427711486816
308,0.8407783871624915,0.9859374671509221,1.8206413984298706,308000.0,9.163681030273438
309,0.8368553456324405,0.9815520614789912,2.1190531253814697,309000.0,9.552605628967285
310,0.8385626767329203,0.9858091298760863,1.840880274772644,310000.0,9.365694046020508
311,0.8389241864947896,0.9810414856889412,2.054969072341919,311000.0,9.266154289245605
312,0.8362525462888762,0.9843947803150476,1.8782883882522583,312000.0,9.180496215820312
313,0.8343533861195067,0.984589215407713,1.865145206451416,313000.0,9.248815536499023
314,0.8396774952795832,0.981282828511768,2.078979730606079,314000.0,9.04331111907959
315,0.8363722704161202,0.984683671648076,1.8950074911117554,315000.0,9.186161041259766
316,0.8382786021114262,0.980101912740318,2.0983853340148926,316000.0,8.925843238830566
317,0.8424167842331562,0.9842731979677417,1.8758083581924438,317000.0,9.032668113708496
318,0.8339695889942983,0.9834945966723367,2.0222389698028564,318000.0,9.339529991149902
319,0.836537791766711,0.9833676960443899,1.9710129499435425,319000.0,9.369111061096191
320,0.8321799280590337,0.9858125665213313,1.8359345197677612,320000.0,9.386727333068848
321,0.836139694832234,0.9838658081193201,2.029470443725586,321000.0,9.12067699432373
322,0.8315354550723967,0.9828611471372574,2.0231759548187256,322000.0,9.05459976196289
323,0.8375936709807336,0.9823074776464641,1.9747755527496338,323000.0,9.177115440368652
324,0.8357464199435884,0.9796680593680532,2.1410417556762695,324000.0,9.123331069946289
325,0.8373491123344854,0.9848083106046828,1.8609603643417358,325000.0,9.09630012512207
326,0.8312271156243591,0.9837250048106743,1.9243849515914917,326000.0,9.575427055358887
327,0.8335188544654915,0.9845818644865191,1.8643503189086914,327000.0,9.319674491882324
328,0.8362136822301964,0.9832426354068098,2.0103108882904053,328000.0,9.372045516967773
329,0.8343508656395969,0.984020659053972,1.926011323928833,329000.0,9.301568984985352
330,0.8365405130711063,0.9844338466899887,1.8916370868682861,330000.0,9.177020072937012
331,0.8382259060284166,0.9837072225222084,1.9749643802642822,331000.0,9.225028991699219
332,0.8295739332512114,0.9831588748703397,1.9547377824783325,332000.0,9.161345481872559
333,0.8337117112752985,0.9843087448736698,1.9338724613189697,333000.0,9.17719841003418
334,0.8359481665094777,0.9831120954534586,1.9927586317062378,334000.0,9.239180564880371
335,0.8295284313667352,0.9788761134561473,2.139465093612671,335000.0,9.36484432220459
336,0.8308086533416842,0.98558336382608,1.7989399433135986,336000.0,9.186596870422363
337,0.8359353223518168,0.985606743323629,1.8771271705627441,337000.0,9.213939666748047
338,0.8343041042068124,0.986702728866487,1.7560794353485107,338000.0,9.277132034301758
339,0.834231760260905,0.9855567309879468,1.859197974205017,339000.0,9.250544548034668
340,0.8358224448796915,0.9837810965580795,1.8881959915161133,340000.0,9.253377914428711
341,0.8340349231799293,0.9845611328416844,1.9567714929580688,341000.0,9.460382461547852
342,0.8325595950022245,0.9853268159589538,1.7990158796310425,342000.0,9.24875545501709
343,0.8347716963930731,0.98443436700499,1.8883483409881592,343000.0,9.202140808105469
344,0.832029412797371,0.9826722046693295,1.9286843538284302,344000.0,9.578021049499512
345,0.8336497845884243,0.9815793683215995,2.0570051670074463,345000.0,9.475748062133789
346,0.8351998576001057,0.9837090641341008,1.9639110565185547,346000.0,9.27389907836914
347,0.8344916455245919,0.9809885343963798,2.040752410888672,347000.0,9.215009689331055
348,0.8344544891011733,0.9862191280202394,1.8444631099700928,348000.0,9.198824882507324
349,0.8336382689537852,0.9852424474106819,1.8717468976974487,349000.0,9.056617736816406
